The Godfather,1997,8.100000,19.500000,Steve Johnsosn:Michael Weston
Movie 2,2010,8.700000,14.900000,Steve Johnsosn:Michael Weston:Tom Cruise
New Movie,2017,9.500000,15.000000,a1:a2:a3
Furtuna,1900,2.130000,10.000000,bla
wfewr,1991,8.100000,10.000000,a:b:c
